0,Dealroom Name,
Techdefence Labs,,
Sentry Metrics,,Doesn’t exist
Redpalm Technology Services,,
Prescient Security,,
Technology Resource Advisors,,
Vital Intelligence Group,,
Owl Cyber Defense Solutions,Owl Cyber Defense,
Fudo Security,,
QOS Networks,Qos-net,
Sterling identity,,
OnSystem Logic,,
Northwave. Intelligent Security Operations,Northwave,
The Cyber Guardian Consulting Group,,
Techs+Together,,
risk3sixty,,The about page is not properly formed
SIGA OT Soultions,Siga Data Security,
SySS GmbH,SySS,
Right Turn Technologies,,
Thinkst Applied Research,Thinkst,
Systemhaus Ulm GmbH,,
RepKnight NOW SKURIO,Skurio,
OpenVPN Technologies,OpenVPN,
Nsasoft US LLC,Nsasoft US,TAG DB has product listed
SKOUT Cybersecurity,,
PowerCDN,,
NTP Cyber Security,,
SOCBOX,,
Roll-Call Security & Communications.,Roll-Call Security & Communications,
PacketViper,"PacketViper, LLC",
Sirentech,,
Rook Security NOW Sophos,Sophos,
Stealth - ISS Group Inc.,Stealth-ISS Group,
W@tchtower,,Found other watchtower security companies
Nominet Cyber,Nominet,We are listing the security division of Nominet
Slipglass,,
"Sysdream, IT Security Services",Sysdream,
Sitrend,,
Quantum Security Consulting,,Needs to be checked. Copyright is of 2017 and no https website
Trapezoid,,
OnSiters,,
RAZORTHORN,,
Think Cyber Security,Think Cyber Security Ltd,
Redbot Security,,
White Cyber Knight,White Cyber Knight (WKC),
Simovits Consulting,,
RANGE SECURITY,,
Terrogence,,
Syhunt,,
Providence Consulting Group,,
Pirean,,
ReSec,ReSec Technologies,
SOFTWIN,SOFTWIN GROUP,
Riverbed,Riverbed Technology,
